"","dimension","birth","death"
"1",1,0.163265508928251,0.165604071743625
