"","dimension","birth","death"
"1",1,0.198066922868089,0.220468142741192
"2",1,0.167923036619751,0.175270087108962
"3",1,0.222761690004715,0.243492339583558
